waveem,flux
6.905402e+03,2.245918e+00
6.903605e+03,2.263997e+00
6.901807e+03,2.219250e+00
6.900009e+03,2.353762e+00
6.898211e+03,2.373456e+00
6.896413e+03,2.372676e+00
6.894615e+03,2.434114e+00
6.892817e+03,2.350749e+00
6.891019e+03,2.390216e+00
6.889221e+03,2.581730e+00
6.887423e+03,2.213523e+00
6.885625e+03,2.473151e+00
6.883827e+03,2.526262e+00
6.882030e+03,2.396664e+00
6.880232e+03,2.530853e+00
6.878434e+03,2.504629e+00
6.876636e+03,2.546162e+00
6.874838e+03,2.726469e+00
6.873040e+03,2.674598e+00
6.871242e+03,2.834800e+00
6.869444e+03,2.596481e+00
6.867646e+03,2.595895e+00
6.865848e+03,2.707667e+00
6.864050e+03,2.733634e+00
6.862253e+03,2.686868e+00
6.860455e+03,2.753071e+00
6.858657e+03,2.726053e+00
6.856859e+03,2.904113e+00
6.855061e+03,2.592529e+00
6.853263e+03,2.624138e+00
6.851465e+03,2.556836e+00
6.849667e+03,2.462551e+00
6.847869e+03,2.674154e+00
6.846071e+03,2.693545e+00
6.844273e+03,2.896140e+00
6.842476e+03,2.686280e+00
6.840678e+03,2.677663e+00
6.838880e+03,2.819811e+00
6.837082e+03,2.696160e+00
6.835284e+03,2.662636e+00
6.833486e+03,2.786373e+00
6.831688e+03,2.576436e+00
6.829890e+03,2.861082e+00
6.828092e+03,2.698374e+00
6.826294e+03,2.708912e+00
6.824496e+03,2.685571e+00
6.822698e+03,2.723909e+00
6.820901e+03,2.685542e+00
6.819103e+03,2.808184e+00
6.817305e+03,2.589597e+00
6.815507e+03,2.588374e+00
6.813709e+03,2.572354e+00
6.811911e+03,2.647375e+00
6.810113e+03,2.725101e+00
6.808315e+03,2.625496e+00
6.806517e+03,2.530921e+00
6.804719e+03,2.665145e+00
6.802921e+03,2.682127e+00
6.801124e+03,2.612592e+00
6.799326e+03,2.634376e+00
6.797528e+03,2.740373e+00
6.795730e+03,2.640338e+00
6.793932e+03,2.619408e+00
6.792134e+03,2.490918e+00
6.790336e+03,2.683664e+00
6.788538e+03,2.652313e+00
6.786740e+03,2.421130e+00
6.784942e+03,2.641475e+00
6.783144e+03,2.468425e+00
6.781347e+03,2.588270e+00
6.779549e+03,2.530476e+00
6.777751e+03,2.477108e+00
6.775953e+03,2.407903e+00
6.774155e+03,2.566335e+00
6.772357e+03,2.674453e+00
6.770559e+03,2.542649e+00
6.768761e+03,2.495024e+00
6.766963e+03,2.443808e+00
6.765165e+03,2.562662e+00
6.763367e+03,2.717083e+00
6.761569e+03,2.426458e+00
6.759772e+03,2.558616e+00
6.757974e+03,2.591115e+00
6.756176e+03,2.398286e+00
6.754378e+03,2.610879e+00
6.752580e+03,2.551906e+00
6.750782e+03,2.457558e+00
6.748984e+03,2.480710e+00
6.747186e+03,2.539500e+00
6.745388e+03,2.234909e+00
6.743590e+03,2.330533e+00
6.741792e+03,2.435627e+00
6.739995e+03,2.522729e+00
6.738197e+03,2.607838e+00
6.736399e+03,2.679423e+00
6.734601e+03,2.807763e+00
6.732803e+03,2.828892e+00
6.731005e+03,2.874169e+00
6.729207e+03,2.573290e+00
6.727409e+03,2.748929e+00
6.725611e+03,2.653359e+00
6.723813e+03,2.706843e+00
6.722015e+03,2.856581e+00
6.720218e+03,3.006350e+00
6.718420e+03,2.791970e+00
6.716622e+03,2.892032e+00
6.714824e+03,2.846125e+00
6.713026e+03,2.591513e+00
6.711228e+03,2.766394e+00
6.709430e+03,2.784942e+00
6.707632e+03,2.600398e+00
6.705834e+03,2.435196e+00
6.704036e+03,2.561807e+00
6.702238e+03,2.357093e+00
6.700440e+03,2.473749e+00
6.698643e+03,2.453885e+00
6.696845e+03,2.605810e+00
6.695047e+03,2.445623e+00
6.693249e+03,2.404127e+00
6.691451e+03,2.508621e+00
6.689653e+03,2.379882e+00
6.687855e+03,2.515676e+00
6.686057e+03,2.362384e+00
6.684259e+03,2.465181e+00
6.682461e+03,2.291043e+00
6.680663e+03,2.447545e+00
6.678866e+03,2.332116e+00
6.677068e+03,2.466176e+00
6.675270e+03,2.546110e+00
6.673472e+03,2.407350e+00
6.671674e+03,2.383804e+00
6.669876e+03,2.371624e+00
6.668078e+03,2.441117e+00
6.666280e+03,2.367978e+00
6.664482e+03,2.483261e+00
6.662684e+03,2.406819e+00
6.660886e+03,2.242383e+00
6.659089e+03,2.407374e+00
6.657291e+03,2.499890e+00
6.655493e+03,2.428220e+00
6.653695e+03,2.442550e+00
6.651897e+03,2.400274e+00
6.650099e+03,2.341192e+00
6.648301e+03,2.401784e+00
6.646503e+03,2.589612e+00
6.644705e+03,2.286156e+00
6.642907e+03,2.380490e+00
6.641109e+03,2.380285e+00
6.639311e+03,2.269210e+00
6.637514e+03,2.382599e+00
6.635716e+03,2.344494e+00
6.633918e+03,2.312380e+00
6.632120e+03,2.393784e+00
6.630322e+03,2.419935e+00
6.628524e+03,2.316256e+00
6.626726e+03,2.356042e+00
6.624928e+03,2.439204e+00
6.623130e+03,2.365715e+00
6.621332e+03,2.178116e+00
6.619534e+03,2.348043e+00
6.617737e+03,2.204488e+00
6.615939e+03,2.433845e+00
6.614141e+03,2.322197e+00
6.612343e+03,2.177756e+00
6.610545e+03,2.350642e+00
6.608747e+03,2.235385e+00
6.606949e+03,2.086367e+00
6.605151e+03,1.973726e+00
6.603353e+03,2.020707e+00
6.601555e+03,2.117537e+00
6.599757e+03,2.073974e+00
6.597960e+03,2.420161e+00
6.596162e+03,2.295191e+00
6.594364e+03,2.636595e+00
6.592566e+03,2.923144e+00
6.590768e+03,3.433700e+00
6.588970e+03,3.704351e+00
6.587172e+03,3.960563e+00
6.585374e+03,3.830909e+00
6.583576e+03,3.625778e+00
6.581778e+03,3.267313e+00
6.579980e+03,2.972642e+00
6.578182e+03,2.721266e+00
6.576385e+03,2.773240e+00
6.574587e+03,2.600950e+00
6.572789e+03,3.092483e+00
6.570991e+03,3.650218e+00
6.569193e+03,4.139895e+00
6.567395e+03,4.650140e+00
6.565597e+03,4.877972e+00
6.563799e+03,4.443504e+00
6.562001e+03,4.230406e+00
6.560203e+03,3.420906e+00
6.558405e+03,3.068421e+00
6.556608e+03,3.103272e+00
6.554810e+03,2.950145e+00
6.553012e+03,3.116490e+00
6.551214e+03,2.829216e+00
6.549416e+03,2.924192e+00
6.547618e+03,3.049315e+00
6.545820e+03,2.790271e+00
6.544022e+03,2.550750e+00
6.542224e+03,2.511670e+00
6.540426e+03,2.591887e+00
6.538628e+03,2.549836e+00
6.536831e+03,2.641710e+00
6.535033e+03,2.597013e+00
6.533235e+03,2.515930e+00
6.531437e+03,2.513133e+00
6.529639e+03,2.538055e+00
6.527841e+03,2.525895e+00
6.526043e+03,2.482817e+00
6.524245e+03,2.486943e+00
6.522447e+03,2.498397e+00
6.520649e+03,2.532187e+00
6.518851e+03,2.551366e+00
6.517053e+03,2.495731e+00
6.515256e+03,2.381277e+00
6.513458e+03,2.400681e+00
6.511660e+03,2.447638e+00
6.509862e+03,2.568349e+00
6.508064e+03,2.451589e+00
6.506266e+03,2.415546e+00
6.504468e+03,2.325746e+00
6.502670e+03,2.368667e+00
6.500872e+03,2.384239e+00
6.499074e+03,2.491757e+00
6.497276e+03,2.391287e+00
6.495479e+03,2.482314e+00
6.493681e+03,2.453517e+00
6.491883e+03,2.418285e+00
6.490085e+03,2.450944e+00
6.488287e+03,2.459325e+00
6.486489e+03,2.422593e+00
6.484691e+03,2.368542e+00
6.482893e+03,2.463745e+00
6.481095e+03,2.569954e+00
6.479297e+03,2.490993e+00
6.477499e+03,2.429389e+00
6.475701e+03,2.512239e+00
6.473904e+03,2.691946e+00
6.472106e+03,2.353204e+00
6.470308e+03,2.489289e+00
6.468510e+03,2.554620e+00
6.466712e+03,2.352498e+00
6.464914e+03,2.525605e+00
6.463116e+03,2.514191e+00
6.461318e+03,2.369256e+00
6.459520e+03,2.209339e+00
6.457722e+03,2.257745e+00
6.455924e+03,2.572239e+00
6.454127e+03,2.523596e+00
6.452329e+03,2.348728e+00
6.450531e+03,2.506322e+00
6.448733e+03,2.476075e+00
6.446935e+03,2.466005e+00
6.445137e+03,2.375410e+00
6.443339e+03,2.494473e+00
6.441541e+03,2.382091e+00
6.439743e+03,2.372201e+00
6.437945e+03,2.467721e+00
6.436147e+03,2.384812e+00
6.434350e+03,2.514844e+00
6.432552e+03,2.405068e+00
6.430754e+03,2.354264e+00
6.428956e+03,2.548078e+00
6.427158e+03,2.525056e+00
6.425360e+03,2.324551e+00
6.423562e+03,2.325475e+00
6.421764e+03,2.335599e+00
6.419966e+03,2.394301e+00
6.418168e+03,2.462943e+00
6.416370e+03,2.431540e+00
6.414572e+03,2.378725e+00
6.412775e+03,2.397461e+00
6.410977e+03,2.377430e+00
6.409179e+03,2.465854e+00
6.407381e+03,2.312439e+00
6.405583e+03,2.547969e+00
6.403785e+03,2.314928e+00
6.401987e+03,2.417621e+00
6.400189e+03,2.534004e+00
6.398391e+03,2.413982e+00
6.396593e+03,2.496532e+00
6.394795e+03,2.473725e+00
6.392998e+03,2.439156e+00
6.391200e+03,2.403717e+00
6.389402e+03,2.457615e+00
6.387604e+03,2.418172e+00
6.385806e+03,2.393246e+00
6.384008e+03,2.432701e+00
6.382210e+03,2.447555e+00
6.380412e+03,2.476942e+00
6.378614e+03,2.486244e+00
6.376816e+03,2.336690e+00
6.375018e+03,2.327599e+00
6.373221e+03,2.343788e+00
6.371423e+03,2.344265e+00
6.369625e+03,2.314133e+00
6.367827e+03,2.285305e+00
6.366029e+03,2.337260e+00
6.364231e+03,2.348486e+00
6.362433e+03,2.187077e+00
6.360635e+03,2.323496e+00
6.358837e+03,2.311722e+00
6.357039e+03,2.337644e+00
6.355241e+03,2.418996e+00
6.353443e+03,2.343071e+00
6.351646e+03,2.311175e+00
6.349848e+03,2.438571e+00
6.348050e+03,2.280169e+00
6.346252e+03,2.311483e+00
6.344454e+03,2.414772e+00
6.342656e+03,2.250328e+00
6.340858e+03,2.304995e+00
6.339060e+03,2.285328e+00
6.337262e+03,2.332646e+00
6.335464e+03,2.361622e+00
6.333666e+03,2.306697e+00
6.331869e+03,2.384023e+00
6.330071e+03,2.312774e+00
6.328273e+03,2.307543e+00
6.326475e+03,2.355175e+00
6.324677e+03,2.318828e+00
6.322879e+03,2.368168e+00
6.321081e+03,2.268632e+00
6.319283e+03,2.207524e+00
6.317485e+03,2.330508e+00
6.315687e+03,2.244777e+00
6.313889e+03,2.329119e+00
6.312092e+03,2.340342e+00
6.310294e+03,2.419443e+00
6.308496e+03,3.200806e+00
6.306698e+03,4.810868e+00
6.304900e+03,2.302919e+00
6.303102e+03,2.343270e+00
6.301304e+03,2.317989e+00
6.299506e+03,2.356465e+00
6.297708e+03,2.217732e+00
6.295910e+03,2.313750e+00
6.294112e+03,2.214666e+00
6.292314e+03,2.280466e+00
6.290517e+03,2.253000e+00
6.288719e+03,2.169249e+00
6.286921e+03,2.133356e+00
6.285123e+03,2.370438e+00
6.283325e+03,2.341494e+00
6.281527e+03,2.277149e+00
6.279729e+03,2.177696e+00
6.277931e+03,2.206967e+00
6.276133e+03,2.384989e+00
6.274335e+03,2.323995e+00
6.272537e+03,2.317767e+00
6.270740e+03,2.170892e+00
6.268942e+03,2.263039e+00
6.267144e+03,2.091115e+00
6.265346e+03,2.149298e+00
6.263548e+03,2.166091e+00
6.261750e+03,2.175980e+00
6.259952e+03,2.000377e+00
6.258154e+03,2.253710e+00
6.256356e+03,2.089878e+00
6.254558e+03,2.143190e+00
6.252760e+03,2.061987e+00
6.250963e+03,2.123973e+00
6.249165e+03,2.233823e+00
6.247367e+03,2.215156e+00
6.245569e+03,2.177557e+00
6.243771e+03,1.986590e+00
6.241973e+03,2.225155e+00
6.240175e+03,2.113023e+00
6.238377e+03,2.158421e+00
6.236579e+03,2.145525e+00
6.234781e+03,2.264516e+00
6.232983e+03,2.144230e+00
6.231185e+03,2.010901e+00
6.229388e+03,2.021379e+00
6.227590e+03,2.235326e+00
6.225792e+03,2.163691e+00
6.223994e+03,2.202201e+00
6.222196e+03,2.156938e+00
6.220398e+03,2.219839e+00
6.218600e+03,2.248696e+00
6.216802e+03,2.117271e+00
6.215004e+03,2.221263e+00
6.213206e+03,2.371840e+00
6.211408e+03,2.193360e+00
6.209611e+03,2.251043e+00
6.207813e+03,2.287925e+00
6.206015e+03,2.261785e+00
6.204217e+03,2.172543e+00
6.202419e+03,2.237421e+00
6.200621e+03,2.313660e+00
6.198823e+03,2.207739e+00
6.197025e+03,2.277056e+00
6.195227e+03,2.205101e+00
6.193429e+03,2.232818e+00
6.191631e+03,2.233576e+00
6.189834e+03,2.187808e+00
6.188036e+03,2.322530e+00
6.186238e+03,2.251681e+00
6.184440e+03,2.253174e+00
6.182642e+03,2.282927e+00
6.180844e+03,2.217820e+00
6.179046e+03,2.154294e+00
6.177248e+03,2.195484e+00
6.175450e+03,2.216904e+00
6.173652e+03,2.110850e+00
6.171854e+03,2.026942e+00
6.170056e+03,2.122470e+00
6.168259e+03,2.153402e+00
6.166461e+03,2.138589e+00
6.164663e+03,2.131896e+00
6.162865e+03,2.021156e+00
6.161067e+03,2.149818e+00
6.159269e+03,2.133157e+00
6.157471e+03,2.202781e+00
6.155673e+03,2.225349e+00
6.153875e+03,2.279035e+00
6.152077e+03,2.257503e+00
6.150279e+03,2.240050e+00
6.148482e+03,2.076724e+00
6.146684e+03,2.281776e+00
6.144886e+03,2.220060e+00
6.143088e+03,2.121739e+00
6.141290e+03,2.141988e+00
6.139492e+03,2.187798e+00
6.137694e+03,2.214387e+00
6.135896e+03,2.259185e+00
6.134098e+03,2.304181e+00
6.132300e+03,2.190844e+00
6.130502e+03,2.195779e+00
6.128705e+03,2.244528e+00
6.126907e+03,2.167924e+00
6.125109e+03,2.087550e+00
6.123311e+03,2.099876e+00
6.121513e+03,2.288292e+00
6.119715e+03,2.253478e+00
6.117917e+03,2.435213e+00
6.116119e+03,2.289237e+00
6.114321e+03,2.284292e+00
6.112523e+03,2.395717e+00
6.110725e+03,2.380055e+00
6.108927e+03,2.303679e+00
6.107130e+03,2.293812e+00
6.105332e+03,2.297177e+00
6.103534e+03,2.091443e+00
6.101736e+03,2.129742e+00
6.099938e+03,2.317115e+00
6.098140e+03,2.141479e+00
6.096342e+03,2.225234e+00
6.094544e+03,2.213901e+00
6.092746e+03,2.122779e+00
6.090948e+03,2.283186e+00
6.089150e+03,2.137050e+00
6.087353e+03,2.243949e+00
6.085555e+03,2.112142e+00
6.083757e+03,2.159926e+00
6.081959e+03,2.334760e+00
6.080161e+03,2.353759e+00
6.078363e+03,2.176629e+00
6.076565e+03,2.315119e+00
6.074767e+03,2.237360e+00
6.072969e+03,2.270846e+00
6.071171e+03,2.171327e+00
6.069373e+03,2.211443e+00
6.067576e+03,2.071301e+00
6.065778e+03,2.175484e+00
6.063980e+03,2.095890e+00
6.062182e+03,2.179622e+00
6.060384e+03,2.185434e+00
6.058586e+03,2.296795e+00
6.056788e+03,2.505603e+00
6.054990e+03,2.280924e+00
6.053192e+03,2.563522e+00
6.051394e+03,2.359454e+00
6.049596e+03,2.354809e+00
6.047798e+03,2.482260e+00
6.046001e+03,2.602013e+00
6.044203e+03,2.627921e+00
6.042405e+03,2.168697e+00
6.040607e+03,2.232001e+00
6.038809e+03,2.161457e+00
6.037011e+03,2.146177e+00
6.035213e+03,2.133344e+00
6.033415e+03,2.148268e+00
6.031617e+03,2.022253e+00
6.029819e+03,2.197582e+00
6.028021e+03,2.119945e+00
6.026224e+03,2.012452e+00
6.024426e+03,2.150099e+00
6.022628e+03,2.144736e+00
6.020830e+03,2.232411e+00
6.019032e+03,2.010366e+00
6.017234e+03,2.102713e+00
6.015436e+03,2.117634e+00
6.013638e+03,2.053561e+00
6.011840e+03,2.010821e+00
6.010042e+03,2.145479e+00
6.008244e+03,2.221439e+00
6.006446e+03,2.175866e+00
6.004649e+03,2.130734e+00
6.002851e+03,2.102345e+00
6.001053e+03,2.252076e+00
5.999255e+03,2.087934e+00
5.997457e+03,2.176988e+00
5.995659e+03,2.080277e+00
5.993861e+03,2.088861e+00
5.992063e+03,2.221971e+00
5.990265e+03,2.235841e+00
5.988467e+03,2.108670e+00
5.986669e+03,2.123160e+00
5.984872e+03,2.002231e+00
5.983074e+03,2.205821e+00
5.981276e+03,2.082950e+00
5.979478e+03,2.132617e+00
5.977680e+03,2.121097e+00
5.975882e+03,2.329514e+00
5.974084e+03,4.535730e+00
5.972286e+03,2.659022e+00
5.970488e+03,2.024613e+00
5.968690e+03,2.190528e+00
5.966892e+03,2.155744e+00
5.965095e+03,2.011356e+00
5.963297e+03,2.087610e+00
5.961499e+03,2.186570e+00
5.959701e+03,2.145352e+00
5.957903e+03,2.199089e+00
5.956105e+03,2.113625e+00
5.954307e+03,2.101083e+00
5.952509e+03,2.157258e+00
5.950711e+03,2.169773e+00
5.948913e+03,2.061177e+00
5.947115e+03,2.053171e+00
5.945317e+03,2.065497e+00
5.943520e+03,2.193374e+00
5.941722e+03,2.226184e+00
5.939924e+03,2.115452e+00
5.938126e+03,2.103839e+00
5.936328e+03,2.129599e+00
5.934530e+03,2.053882e+00
5.932732e+03,2.180692e+00
5.930934e+03,2.138557e+00
5.929136e+03,2.179705e+00
5.927338e+03,2.117053e+00
5.925540e+03,2.068773e+00
5.923743e+03,2.008382e+00
5.921945e+03,1.947954e+00
5.920147e+03,2.170547e+00
5.918349e+03,2.044315e+00
5.916551e+03,2.005088e+00
5.914753e+03,1.991857e+00
5.912955e+03,2.017405e+00
5.911157e+03,2.035086e+00
5.909359e+03,2.054712e+00
5.907561e+03,2.061205e+00
5.905763e+03,2.108510e+00
5.903966e+03,1.906434e+00
5.902168e+03,1.887354e+00
5.900370e+03,1.896302e+00
5.898572e+03,1.872140e+00
5.896774e+03,1.770695e+00
5.894976e+03,1.801221e+00
5.893178e+03,1.864337e+00
5.891380e+03,1.784920e+00
5.889582e+03,1.960023e+00
5.887784e+03,1.899997e+00
5.885986e+03,1.813527e+00
5.884188e+03,2.206649e+00
5.882391e+03,1.974183e+00
5.880593e+03,2.007951e+00
5.878795e+03,1.979082e+00
5.876997e+03,2.186810e+00
5.875199e+03,2.028340e+00
5.873401e+03,2.055221e+00
5.871603e+03,2.047251e+00
5.869805e+03,1.968648e+00
5.868007e+03,2.021397e+00
5.866209e+03,2.092418e+00
5.864411e+03,2.000905e+00
5.862614e+03,2.073252e+00
5.860816e+03,2.061340e+00
5.859018e+03,2.082786e+00
5.857220e+03,2.006192e+00
5.855422e+03,2.133187e+00
5.853624e+03,2.093075e+00
5.851826e+03,1.978384e+00
5.850028e+03,2.032960e+00
5.848230e+03,2.054918e+00
5.846432e+03,2.063196e+00
5.844634e+03,2.227254e+00
5.842837e+03,2.103124e+00
5.841039e+03,2.032819e+00
5.839241e+03,2.207364e+00
5.837443e+03,2.028891e+00
5.835645e+03,2.161155e+00
5.833847e+03,2.177749e+00
5.832049e+03,2.050424e+00
5.830251e+03,2.048187e+00
5.828453e+03,2.161923e+00
5.826655e+03,2.152668e+00
5.824857e+03,1.952561e+00
5.823059e+03,2.014279e+00
5.821262e+03,2.133483e+00
5.819464e+03,1.986353e+00
5.817666e+03,2.001178e+00
5.815868e+03,2.110660e+00
5.814070e+03,2.048789e+00
5.812272e+03,2.198338e+00
5.810474e+03,2.148983e+00
5.808676e+03,2.085422e+00
5.806878e+03,2.154540e+00
5.805080e+03,2.123046e+00
5.803282e+03,2.059537e+00
5.801485e+03,2.089292e+00
5.799687e+03,1.978564e+00
5.797889e+03,2.079574e+00
5.796091e+03,1.904038e+00
5.794293e+03,1.967421e+00
5.792495e+03,2.052941e+00
5.790697e+03,2.044675e+00
5.788899e+03,2.021464e+00
5.787101e+03,1.985619e+00
5.785303e+03,2.035663e+00
5.783505e+03,2.050294e+00
5.781708e+03,1.964647e+00
5.779910e+03,1.981189e+00
5.778112e+03,2.134773e+00
5.776314e+03,2.047470e+00
5.774516e+03,2.017365e+00
5.772718e+03,1.967304e+00
5.770920e+03,2.023428e+00
5.769122e+03,1.987968e+00
5.767324e+03,2.023919e+00
5.765526e+03,1.991022e+00
5.763728e+03,2.000158e+00
5.761930e+03,2.053939e+00
5.760133e+03,2.062299e+00
5.758335e+03,2.084984e+00
5.756537e+03,2.036595e+00
5.754739e+03,1.965390e+00
5.752941e+03,2.087279e+00
5.751143e+03,1.801757e+00
5.749345e+03,2.082119e+00
5.747547e+03,2.070703e+00
5.745749e+03,1.990901e+00
5.743951e+03,2.034838e+00
5.742153e+03,1.971870e+00
5.740356e+03,2.029946e+00
5.738558e+03,1.976543e+00
5.736760e+03,1.956739e+00
5.734962e+03,2.077580e+00
5.733164e+03,1.969598e+00
5.731366e+03,2.090967e+00
5.729568e+03,2.011002e+00
5.727770e+03,2.063523e+00
5.725972e+03,2.022051e+00
5.724174e+03,2.087212e+00
5.722376e+03,1.969799e+00
5.720579e+03,2.079122e+00
5.718781e+03,2.079919e+00
5.716983e+03,1.952184e+00
5.715185e+03,1.941423e+00
5.713387e+03,1.758785e+00
5.711589e+03,1.917014e+00
5.709791e+03,1.891638e+00
5.707993e+03,1.714303e+00
5.706195e+03,1.789049e+00
5.704397e+03,1.844674e+00
5.702599e+03,1.876761e+00
5.700801e+03,1.922524e+00
5.699004e+03,1.982509e+00
5.697206e+03,1.894166e+00
5.695408e+03,1.857056e+00
5.693610e+03,1.883473e+00
5.691812e+03,1.887151e+00
5.690014e+03,1.902040e+00
5.688216e+03,1.885146e+00
5.686418e+03,2.024232e+00
5.684620e+03,1.884437e+00
5.682822e+03,1.866483e+00
5.681024e+03,1.891608e+00
5.679227e+03,1.852581e+00
5.677429e+03,1.854379e+00
5.675631e+03,1.965840e+00
5.673833e+03,1.962425e+00
5.672035e+03,1.977844e+00
5.670237e+03,1.918364e+00
5.668439e+03,1.947684e+00
5.666641e+03,1.885998e+00
5.664843e+03,1.731708e+00
5.663045e+03,1.888833e+00
5.661247e+03,1.908078e+00
5.659450e+03,2.020276e+00
5.657652e+03,1.845028e+00
5.655854e+03,2.043760e+00
5.654056e+03,1.951614e+00
5.652258e+03,1.855076e+00
5.650460e+03,1.994176e+00
5.648662e+03,1.904071e+00
5.646864e+03,1.947228e+00
5.645066e+03,1.833041e+00
5.643268e+03,1.933996e+00
5.641470e+03,1.839865e+00
5.639672e+03,1.899060e+00
5.637875e+03,1.758017e+00
5.636077e+03,1.798072e+00
5.634279e+03,1.704080e+00
5.632481e+03,1.783310e+00
5.630683e+03,1.909054e+00
5.628885e+03,1.892686e+00
5.627087e+03,1.832131e+00
5.625289e+03,1.824158e+00
5.623491e+03,1.774173e+00
5.621693e+03,1.946547e+00
5.619895e+03,2.004311e+00
5.618098e+03,1.870172e+00
5.616300e+03,1.806525e+00
5.614502e+03,1.827947e+00
5.612704e+03,1.838013e+00
5.610906e+03,1.847790e+00
5.609108e+03,1.902305e+00
5.607310e+03,1.844152e+00
5.605512e+03,2.042251e+00
5.603714e+03,1.946992e+00
5.601916e+03,1.805744e+00
5.600118e+03,1.759217e+00
5.598321e+03,1.812586e+00
5.596523e+03,1.761982e+00
5.594725e+03,1.768960e+00
5.592927e+03,1.789478e+00
5.591129e+03,1.663526e+00
5.589331e+03,1.802258e+00
5.587533e+03,1.755298e+00
5.585735e+03,1.895232e+00
5.583937e+03,1.773223e+00
5.582139e+03,1.780068e+00
5.580341e+03,1.896167e+00
5.578543e+03,1.683401e+00
5.576746e+03,1.825867e+00
5.574948e+03,1.856072e+00
5.573150e+03,1.884646e+00
5.571352e+03,1.819559e+00
5.569554e+03,1.632694e+00
5.567756e+03,1.758828e+00
5.565958e+03,1.916994e+00
5.564160e+03,1.853501e+00
5.562362e+03,1.790518e+00
5.560564e+03,1.742514e+00
5.558766e+03,1.748694e+00
5.556969e+03,1.848249e+00
5.555171e+03,1.863529e+00
5.553373e+03,1.885431e+00
5.551575e+03,1.831587e+00
5.549777e+03,1.854173e+00
5.547979e+03,1.746619e+00
5.546181e+03,1.806627e+00
5.544383e+03,1.807487e+00
5.542585e+03,1.790607e+00
5.540787e+03,1.810293e+00
5.538989e+03,1.858391e+00
5.537191e+03,1.782741e+00
5.535394e+03,1.819068e+00
5.533596e+03,1.830701e+00
5.531798e+03,1.802982e+00
5.530000e+03,1.770691e+00
5.528202e+03,1.883886e+00
5.526404e+03,1.794611e+00
5.524606e+03,1.772880e+00
5.522808e+03,1.769238e+00
5.521010e+03,1.736200e+00
5.519212e+03,1.754055e+00
5.517414e+03,1.727815e+00
5.515617e+03,1.691987e+00
5.513819e+03,1.779201e+00
5.512021e+03,1.812548e+00
5.510223e+03,1.738507e+00
5.508425e+03,1.733135e+00
5.506627e+03,1.735388e+00
5.504829e+03,1.743118e+00
5.503031e+03,1.720408e+00
5.501233e+03,1.719692e+00
5.499435e+03,1.805075e+00
5.497637e+03,1.839314e+00
5.495840e+03,1.898637e+00
5.494042e+03,1.716712e+00
5.492244e+03,1.715592e+00
5.490446e+03,1.738043e+00
5.488648e+03,1.694773e+00
5.486850e+03,1.793126e+00
5.485052e+03,1.737911e+00
5.483254e+03,1.644425e+00
5.481456e+03,1.728715e+00
5.479658e+03,1.670931e+00
5.477860e+03,1.816936e+00
5.476062e+03,1.709743e+00
5.474265e+03,1.705490e+00
5.472467e+03,1.696730e+00
5.470669e+03,1.772118e+00
5.468871e+03,1.696345e+00
5.467073e+03,1.826319e+00
5.465275e+03,1.815862e+00
5.463477e+03,1.876455e+00
5.461679e+03,1.686041e+00
5.459881e+03,1.752046e+00
5.458083e+03,1.702729e+00
5.456285e+03,1.776831e+00
5.454488e+03,1.746542e+00
5.452690e+03,1.708359e+00
5.450892e+03,1.747640e+00
5.449094e+03,1.695086e+00
5.447296e+03,1.622420e+00
5.445498e+03,1.764159e+00
5.443700e+03,1.730262e+00
5.441902e+03,1.673058e+00
5.440104e+03,1.744347e+00
5.438306e+03,1.801804e+00
5.436508e+03,1.661214e+00
5.434711e+03,1.685118e+00
5.432913e+03,1.653734e+00
5.431115e+03,1.613799e+00
5.429317e+03,1.638576e+00
5.427519e+03,1.620843e+00
5.425721e+03,1.770256e+00
5.423923e+03,1.781867e+00
5.422125e+03,1.576573e+00
5.420327e+03,1.838339e+00
5.418529e+03,1.722308e+00
5.416731e+03,1.620654e+00
5.414933e+03,1.664663e+00
5.413136e+03,1.584929e+00
5.411338e+03,1.683809e+00
5.409540e+03,1.617082e+00
5.407742e+03,1.658071e+00
5.405944e+03,1.575175e+00
5.404146e+03,1.658413e+00
5.402348e+03,1.607572e+00
5.400550e+03,1.538242e+00
5.398752e+03,1.655866e+00
5.396954e+03,1.756520e+00
5.395156e+03,1.636221e+00
5.393359e+03,1.610325e+00
5.391561e+03,1.649693e+00
5.389763e+03,1.593424e+00
5.387965e+03,1.665049e+00
5.386167e+03,1.726512e+00
5.384369e+03,1.647778e+00
5.382571e+03,1.704800e+00
5.380773e+03,1.618600e+00
5.378975e+03,1.706808e+00
5.377177e+03,1.624569e+00
5.375379e+03,1.649320e+00
5.373582e+03,1.623538e+00
5.371784e+03,1.607274e+00
5.369986e+03,1.667502e+00
5.368188e+03,1.688648e+00
5.366390e+03,1.739899e+00
5.364592e+03,1.534102e+00
5.362794e+03,1.857992e+00
5.360996e+03,2.047877e+00
5.359198e+03,2.107470e+00
5.357400e+03,2.099348e+00
5.355602e+03,1.869742e+00
5.353804e+03,2.382032e+00
5.352007e+03,1.998308e+00
5.350209e+03,2.079982e+00
5.348411e+03,1.936363e+00
5.346613e+03,1.674793e+00
5.344815e+03,1.473472e+00
5.343017e+03,1.619396e+00
5.341219e+03,1.635386e+00
5.339421e+03,1.537643e+00
5.337623e+03,1.549239e+00
5.335825e+03,1.680916e+00
5.334027e+03,1.584039e+00
5.332230e+03,1.453366e+00
5.330432e+03,1.571631e+00
5.328634e+03,1.576607e+00
5.326836e+03,1.597108e+00
5.325038e+03,1.589658e+00
5.323240e+03,1.588188e+00
5.321442e+03,1.524731e+00
5.319644e+03,1.572098e+00
5.317846e+03,1.491889e+00
5.316048e+03,1.646857e+00
5.314250e+03,1.650461e+00
5.312453e+03,1.635367e+00
5.310655e+03,1.610707e+00
5.308857e+03,1.530847e+00
5.307059e+03,1.525515e+00
5.305261e+03,1.632975e+00
5.303463e+03,1.534467e+00
5.301665e+03,1.568013e+00
5.299867e+03,1.646866e+00
5.298069e+03,1.545383e+00
5.296271e+03,1.669270e+00
5.294473e+03,1.560166e+00
5.292675e+03,1.562485e+00
5.290878e+03,1.600068e+00
5.289080e+03,1.543024e+00
5.287282e+03,1.497227e+00
5.285484e+03,1.457362e+00
5.283686e+03,1.492829e+00
5.281888e+03,1.461664e+00
5.280090e+03,1.439456e+00
5.278292e+03,1.457619e+00
5.276494e+03,1.461524e+00
5.274696e+03,1.389662e+00
5.272898e+03,1.307545e+00
5.271101e+03,1.299526e+00
5.269303e+03,1.452032e+00
5.267505e+03,1.392795e+00
5.265707e+03,1.408044e+00
5.263909e+03,1.479182e+00
5.262111e+03,1.326866e+00
5.260313e+03,1.418106e+00
5.258515e+03,1.435837e+00
5.256717e+03,1.370225e+00
5.254919e+03,1.453418e+00
5.253121e+03,1.392802e+00
5.251324e+03,1.477059e+00
5.249526e+03,1.425887e+00
5.247728e+03,1.485594e+00
5.245930e+03,1.432437e+00
5.244132e+03,1.492848e+00
5.242334e+03,1.503355e+00
5.240536e+03,1.422529e+00
5.238738e+03,1.470200e+00
5.236940e+03,1.403700e+00
5.235142e+03,1.391885e+00
5.233344e+03,1.435735e+00
5.231546e+03,1.396469e+00
5.229749e+03,1.388370e+00
5.227951e+03,1.474130e+00
5.226153e+03,1.466708e+00
5.224355e+03,1.332924e+00
5.222557e+03,1.321968e+00
5.220759e+03,1.425785e+00
5.218961e+03,1.382472e+00
5.217163e+03,1.464652e+00
5.215365e+03,1.205673e+00
5.213567e+03,1.393287e+00
5.211769e+03,1.358936e+00
5.209972e+03,1.271156e+00
5.208174e+03,1.343045e+00
5.206376e+03,1.353828e+00
5.204578e+03,1.330897e+00
5.202780e+03,1.311580e+00
5.200982e+03,1.331842e+00
5.199184e+03,1.362312e+00
5.197386e+03,1.346869e+00
5.195588e+03,1.286519e+00
5.193790e+03,1.353566e+00
5.191992e+03,1.299655e+00
5.190195e+03,1.321356e+00
5.188397e+03,1.292346e+00
5.186599e+03,1.202202e+00
5.184801e+03,1.208807e+00
5.183003e+03,1.180727e+00
5.181205e+03,1.232528e+00
5.179407e+03,1.250433e+00
5.177609e+03,1.126832e+00
5.175811e+03,1.171106e+00
5.174013e+03,1.077755e+00
5.172215e+03,1.058416e+00
5.170417e+03,1.120687e+00
5.168620e+03,1.102636e+00
5.166822e+03,1.183069e+00
5.165024e+03,1.309159e+00
5.163226e+03,1.212826e+00
5.161428e+03,1.321521e+00
5.159630e+03,1.221212e+00
5.157832e+03,1.322013e+00
5.156034e+03,1.310855e+00
5.154236e+03,1.268462e+00
5.152438e+03,1.346840e+00
5.150640e+03,1.365285e+00
5.148843e+03,1.276586e+00
5.147045e+03,1.368092e+00
5.145247e+03,1.254744e+00
5.143449e+03,1.333719e+00
5.141651e+03,1.211564e+00
5.139853e+03,1.270110e+00
5.138055e+03,1.292897e+00
5.136257e+03,1.298874e+00
5.134459e+03,1.193278e+00
5.132661e+03,1.307402e+00
5.130863e+03,1.356990e+00
5.129066e+03,1.284413e+00
5.127268e+03,1.327498e+00
5.125470e+03,1.300961e+00
5.123672e+03,1.416229e+00
5.121874e+03,1.427891e+00
5.120076e+03,1.280806e+00
5.118278e+03,1.334132e+00
5.116480e+03,1.404178e+00
5.114682e+03,1.348043e+00
5.112884e+03,1.307765e+00
5.111086e+03,1.320163e+00
5.109288e+03,1.381659e+00
5.107491e+03,1.388559e+00
5.105693e+03,1.371898e+00
5.103895e+03,1.329093e+00
5.102097e+03,1.338336e+00
5.100299e+03,1.278603e+00
5.098501e+03,1.373317e+00
5.096703e+03,1.237821e+00
5.094905e+03,1.240126e+00
5.093107e+03,1.227520e+00
5.091309e+03,1.380967e+00
5.089511e+03,1.244313e+00
5.087714e+03,1.533648e+00
5.085916e+03,1.317976e+00
5.084118e+03,1.370197e+00
5.082320e+03,1.343768e+00
5.080522e+03,1.239524e+00
5.078724e+03,1.408194e+00
5.076926e+03,1.265178e+00
5.075128e+03,1.298557e+00
5.073330e+03,1.296879e+00
5.071532e+03,1.343435e+00
5.069734e+03,1.277413e+00
5.067937e+03,1.259664e+00
5.066139e+03,1.271395e+00
5.064341e+03,1.336257e+00
5.062543e+03,1.405425e+00
5.060745e+03,1.299147e+00
5.058947e+03,1.303508e+00
5.057149e+03,1.292660e+00
5.055351e+03,1.405466e+00
5.053553e+03,1.377860e+00
5.051755e+03,1.356897e+00
5.049957e+03,1.265750e+00
5.048159e+03,1.344273e+00
5.046362e+03,1.254543e+00
5.044564e+03,1.351468e+00
5.042766e+03,1.392658e+00
5.040968e+03,1.245239e+00
5.039170e+03,1.391450e+00
5.037372e+03,2.361221e+00
5.035574e+03,1.292993e+00
5.033776e+03,1.264117e+00
5.031978e+03,1.269642e+00
5.030180e+03,1.331549e+00
5.028382e+03,1.193442e+00
5.026585e+03,1.268839e+00
5.024787e+03,1.384556e+00
5.022989e+03,1.304488e+00
5.021191e+03,1.263383e+00
5.019393e+03,1.293251e+00
5.017595e+03,1.271153e+00
5.015797e+03,1.214576e+00
5.013999e+03,1.232055e+00
5.012201e+03,1.284800e+00
5.010403e+03,1.282924e+00
5.008605e+03,1.336184e+00
5.006807e+03,1.338112e+00
5.005010e+03,1.260615e+00
5.003212e+03,1.422277e+00
5.001414e+03,1.392358e+00
4.999616e+03,1.377581e+00
4.997818e+03,1.359310e+00
4.996020e+03,1.197350e+00
4.994222e+03,1.346929e+00
4.992424e+03,1.380104e+00
4.990626e+03,1.280994e+00
4.988828e+03,1.283277e+00
4.987030e+03,1.245469e+00
4.985233e+03,1.202955e+00
4.983435e+03,1.284867e+00
4.981637e+03,1.295771e+00
4.979839e+03,1.298709e+00
4.978041e+03,1.269652e+00
4.976243e+03,1.281497e+00
4.974445e+03,1.286672e+00
4.972647e+03,1.313417e+00
4.970849e+03,1.351212e+00
4.969051e+03,1.314821e+00
4.967253e+03,1.312054e+00
4.965456e+03,1.357157e+00
4.963658e+03,1.353071e+00
4.961860e+03,1.330803e+00
4.960062e+03,1.343096e+00
4.958264e+03,1.319097e+00
4.956466e+03,1.406998e+00
4.954668e+03,1.394111e+00
4.952870e+03,1.377765e+00
4.951072e+03,1.407414e+00
4.949274e+03,1.265961e+00
4.947476e+03,1.309046e+00
4.945678e+03,1.321384e+00
4.943881e+03,1.390301e+00
4.942083e+03,1.336632e+00
4.940285e+03,1.320780e+00
4.938487e+03,1.281734e+00
4.936689e+03,1.252328e+00
4.934891e+03,1.356310e+00
4.933093e+03,1.294748e+00
4.931295e+03,1.243444e+00
4.929497e+03,1.364382e+00
4.927699e+03,1.251083e+00
4.925901e+03,1.343771e+00
4.924104e+03,1.289824e+00
4.922306e+03,1.256817e+00
4.920508e+03,1.301640e+00
4.918710e+03,1.211160e+00
4.916912e+03,1.187251e+00
4.915114e+03,1.223855e+00
4.913316e+03,1.252853e+00
4.911518e+03,1.224172e+00
4.909720e+03,1.277845e+00
4.907922e+03,1.335986e+00
4.906124e+03,1.374287e+00
4.904327e+03,1.219923e+00
4.902529e+03,1.323511e+00
4.900731e+03,1.271785e+00
4.898933e+03,1.268998e+00
4.897135e+03,1.349117e+00
4.895337e+03,1.290693e+00
4.893539e+03,1.230222e+00
4.891741e+03,1.235326e+00
4.889943e+03,1.193114e+00
4.888145e+03,1.260492e+00
4.886347e+03,1.173073e+00
4.884549e+03,1.262660e+00
4.882752e+03,1.139913e+00
4.880954e+03,1.119624e+00
4.879156e+03,1.127387e+00
4.877358e+03,1.120738e+00
4.875560e+03,1.194912e+00
4.873762e+03,1.199025e+00
4.871964e+03,1.184992e+00
4.870166e+03,1.187681e+00
4.868368e+03,1.101020e+00
4.866570e+03,1.157664e+00
4.864772e+03,1.149220e+00
4.862975e+03,1.226806e+00
4.861177e+03,1.230411e+00
4.859379e+03,1.365334e+00
4.857581e+03,1.270737e+00
4.855783e+03,1.239068e+00
4.853985e+03,1.217766e+00
4.852187e+03,1.135027e+00
4.850389e+03,1.156329e+00
4.848591e+03,1.109201e+00
4.846793e+03,1.127442e+00
4.844995e+03,1.209259e+00
4.843198e+03,1.139166e+00
4.841400e+03,1.249195e+00
4.839602e+03,1.217946e+00
4.837804e+03,1.253023e+00
4.836006e+03,1.203833e+00
4.834208e+03,1.240202e+00
4.832410e+03,1.269324e+00
4.830612e+03,1.240445e+00
4.828814e+03,1.271255e+00
4.827016e+03,1.284622e+00
4.825218e+03,1.139665e+00
4.823420e+03,1.217469e+00
4.821623e+03,1.285671e+00
4.819825e+03,1.178947e+00
4.818027e+03,1.253580e+00
4.816229e+03,1.217538e+00
4.814431e+03,1.245795e+00
4.812633e+03,1.242406e+00
4.810835e+03,1.320699e+00
4.809037e+03,1.323033e+00
4.807239e+03,1.230775e+00
4.805441e+03,1.294979e+00
4.803643e+03,1.260545e+00
4.801846e+03,1.220642e+00
4.800048e+03,1.220354e+00
4.798250e+03,1.242746e+00
4.796452e+03,1.263063e+00
4.794654e+03,1.307755e+00
4.792856e+03,1.218706e+00
4.791058e+03,1.330173e+00
4.789260e+03,1.233562e+00
4.787462e+03,1.190225e+00
4.785664e+03,1.262655e+00
4.783866e+03,1.175631e+00
4.782069e+03,1.176110e+00
4.780271e+03,1.201843e+00
4.778473e+03,1.227052e+00
4.776675e+03,1.213284e+00
4.774877e+03,1.188667e+00
4.773079e+03,1.245557e+00
4.771281e+03,1.297298e+00
4.769483e+03,1.269423e+00
4.767685e+03,1.208855e+00
4.765887e+03,1.103876e+00
4.764089e+03,1.145205e+00
4.762291e+03,1.264247e+00
4.760494e+03,1.211094e+00
4.758696e+03,1.152987e+00
4.756898e+03,1.110028e+00
4.755100e+03,1.231704e+00
4.753302e+03,1.191961e+00
4.751504e+03,1.202445e+00
4.749706e+03,1.221658e+00
4.747908e+03,1.169144e+00
4.746110e+03,1.193809e+00
4.744312e+03,1.209902e+00
4.742514e+03,1.251182e+00
4.740717e+03,1.206355e+00
4.738919e+03,1.249836e+00
4.737121e+03,1.158897e+00
4.735323e+03,1.253561e+00
4.733525e+03,1.166224e+00
4.731727e+03,1.119423e+00
4.729929e+03,1.181570e+00
4.728131e+03,1.129705e+00
4.726333e+03,1.183910e+00
4.724535e+03,1.220322e+00
4.722737e+03,1.192948e+00
4.720940e+03,1.215450e+00
4.719142e+03,1.136796e+00
4.717344e+03,1.209794e+00
4.715546e+03,1.132308e+00
4.713748e+03,1.109757e+00
4.711950e+03,1.120181e+00
4.710152e+03,1.141125e+00
4.708354e+03,1.151067e+00
4.706556e+03,1.106335e+00
4.704758e+03,1.113397e+00
4.702960e+03,1.036759e+00
4.701162e+03,1.095709e+00
4.699365e+03,1.085138e+00
4.697567e+03,1.079270e+00
4.695769e+03,1.107671e+00
4.693971e+03,1.076507e+00
4.692173e+03,1.136129e+00
4.690375e+03,1.113957e+00
4.688577e+03,1.204422e+00
4.686779e+03,1.168714e+00
4.684981e+03,1.156436e+00
4.683183e+03,1.089748e+00
4.681385e+03,1.173452e+00
4.679588e+03,1.087215e+00
4.677790e+03,1.147602e+00
4.675992e+03,1.208525e+00
4.674194e+03,1.123238e+00
4.672396e+03,1.170736e+00
4.670598e+03,1.082215e+00
4.668800e+03,1.128050e+00
4.667002e+03,1.090525e+00
4.665204e+03,1.052302e+00
4.663406e+03,1.138705e+00
4.661608e+03,1.157964e+00
4.659811e+03,1.089253e+00
4.658013e+03,1.143133e+00
4.656215e+03,1.010346e+00
4.654417e+03,1.114635e+00
4.652619e+03,1.121921e+00
4.650821e+03,1.103623e+00
4.649023e+03,1.193559e+00
4.647225e+03,1.022394e+00
4.645427e+03,1.086676e+00
4.643629e+03,1.095541e+00
4.641831e+03,1.065729e+00
4.640033e+03,1.097061e+00
4.638236e+03,1.034160e+00
4.636438e+03,1.124588e+00
4.634640e+03,1.105925e+00
4.632842e+03,1.098719e+00
4.631044e+03,1.166572e+00
4.629246e+03,1.122878e+00
4.627448e+03,1.119578e+00
4.625650e+03,1.075568e+00
4.623852e+03,1.123748e+00
4.622054e+03,1.198221e+00
4.620256e+03,1.133040e+00
4.618459e+03,1.175460e+00
4.616661e+03,1.065584e+00
4.614863e+03,1.132321e+00
4.613065e+03,1.190275e+00
4.611267e+03,1.090327e+00
4.609469e+03,1.318737e+00
4.607671e+03,3.004625e+00
4.605873e+03,1.184946e+00
4.604075e+03,1.069189e+00
4.602277e+03,1.092585e+00
4.600479e+03,1.130776e+00
4.598682e+03,1.037835e+00
4.596884e+03,1.125879e+00
4.595086e+03,9.981838e-01
4.593288e+03,1.084439e+00
4.591490e+03,9.664981e-01
4.589692e+03,1.038908e+00
4.587894e+03,1.037731e+00
4.586096e+03,1.086861e+00
4.584298e+03,1.085939e+00
4.582500e+03,1.014406e+00
4.580702e+03,1.071969e+00
4.578904e+03,1.058332e+00
4.577107e+03,1.117137e+00
4.575309e+03,1.109974e+00
4.573511e+03,1.005411e+00
4.571713e+03,1.115440e+00
4.569915e+03,1.023139e+00
4.568117e+03,1.081771e+00
4.566319e+03,1.053810e+00
4.564521e+03,1.028725e+00
4.562723e+03,1.052012e+00
4.560925e+03,1.105966e+00
4.559127e+03,1.070834e+00
4.557330e+03,1.037162e+00
4.555532e+03,1.120295e+00
4.553734e+03,1.050576e+00
4.551936e+03,1.115219e+00
4.550138e+03,1.075337e+00
4.548340e+03,1.075075e+00
4.546542e+03,9.532032e-01
4.544744e+03,1.030193e+00
4.542946e+03,9.583343e-01
4.541148e+03,9.896209e-01
4.539350e+03,1.067603e+00
4.537552e+03,1.005130e+00
4.535755e+03,1.004259e+00
4.533957e+03,9.609607e-01
4.532159e+03,1.006715e+00
4.530361e+03,9.354395e-01
4.528563e+03,9.291627e-01
4.526765e+03,1.016139e+00
4.524967e+03,9.627531e-01
4.523169e+03,9.957890e-01
4.521371e+03,1.039977e+00
4.519573e+03,9.390191e-01
4.517775e+03,1.045102e+00
4.515978e+03,9.574423e-01
4.514180e+03,1.093198e+00
4.512382e+03,1.030862e+00
4.510584e+03,1.047434e+00
4.508786e+03,1.023758e+00
4.506988e+03,1.028392e+00
4.505190e+03,1.075697e+00
4.503392e+03,1.082688e+00
4.501594e+03,1.090146e+00
4.499796e+03,1.096072e+00
4.497998e+03,1.066567e+00
4.496201e+03,1.015406e+00
4.494403e+03,1.018905e+00
4.492605e+03,1.047223e+00
4.490807e+03,9.628815e-01
4.489009e+03,9.674466e-01
4.487211e+03,1.027282e+00
4.485413e+03,1.022774e+00
4.483615e+03,9.821184e-01
4.481817e+03,1.089465e+00
4.480019e+03,1.033864e+00
4.478221e+03,1.069252e+00
4.476423e+03,8.632978e-01
4.474626e+03,9.359581e-01
4.472828e+03,9.824723e-01
4.471030e+03,9.785673e-01
4.469232e+03,9.443285e-01
4.467434e+03,9.443990e-01
4.465636e+03,9.218671e-01
4.463838e+03,8.806680e-01
4.462040e+03,9.074324e-01
4.460242e+03,9.636896e-01
4.458444e+03,9.093870e-01
4.456646e+03,8.668936e-01
4.454849e+03,9.102377e-01
4.453051e+03,8.591238e-01
4.451253e+03,9.470182e-01
4.449455e+03,8.572014e-01
4.447657e+03,8.959816e-01
4.445859e+03,8.233222e-01
4.444061e+03,8.879664e-01
4.442263e+03,9.678910e-01
4.440465e+03,9.280435e-01
4.438667e+03,8.523044e-01
4.436869e+03,9.542312e-01
4.435072e+03,9.128125e-01
4.433274e+03,9.244305e-01
4.431476e+03,9.122228e-01
4.429678e+03,8.684224e-01
4.427880e+03,8.683946e-01
4.426082e+03,8.434927e-01
4.424284e+03,8.247789e-01
4.422486e+03,8.882019e-01
4.420688e+03,7.436046e-01
4.418890e+03,9.172017e-01
4.417092e+03,8.784385e-01
4.415294e+03,8.241418e-01
4.413497e+03,9.020631e-01
4.411699e+03,9.021061e-01
4.409901e+03,8.193811e-01
4.408103e+03,9.132403e-01
4.406305e+03,8.781290e-01
4.404507e+03,8.165146e-01
4.402709e+03,8.779792e-01
4.400911e+03,7.425248e-01
4.399113e+03,8.371862e-01
4.397315e+03,8.003544e-01
4.395517e+03,7.971609e-01
4.393720e+03,7.946575e-01
4.391922e+03,8.197413e-01
4.390124e+03,7.912302e-01
4.388326e+03,7.988938e-01
4.386528e+03,7.725594e-01
4.384730e+03,7.899480e-01
4.382932e+03,7.871461e-01
4.381134e+03,7.442134e-01
4.379336e+03,7.597684e-01
4.377538e+03,7.318985e-01
4.375740e+03,7.263874e-01
4.373943e+03,7.725044e-01
4.372145e+03,7.932311e-01
4.370347e+03,8.019141e-01
4.368549e+03,7.857642e-01
4.366751e+03,7.319681e-01
4.364953e+03,7.618604e-01
4.363155e+03,7.235953e-01
4.361357e+03,8.223595e-01
4.359559e+03,8.932885e-01
4.357761e+03,8.738825e-01
4.355963e+03,8.650654e-01
4.354165e+03,7.663139e-01
4.352368e+03,8.129078e-01
4.350570e+03,8.715344e-01
4.348772e+03,7.684377e-01
4.346974e+03,7.810451e-01
4.345176e+03,8.080414e-01
4.343378e+03,8.541936e-01
4.341580e+03,7.003461e-01
4.339782e+03,7.605569e-01
4.337984e+03,7.638983e-01
4.336186e+03,7.767245e-01
4.334388e+03,7.369426e-01
4.332591e+03,6.580338e-01
4.330793e+03,7.922809e-01
4.328995e+03,7.243177e-01
4.327197e+03,7.389793e-01
4.325399e+03,7.939163e-01
4.323601e+03,7.159559e-01
4.321803e+03,6.707038e-01
4.320005e+03,7.618575e-01
4.318207e+03,7.511487e-01
4.316409e+03,7.771563e-01
4.314611e+03,7.919843e-01
4.312814e+03,7.410552e-01
4.311016e+03,7.959681e-01
4.309218e+03,7.786264e-01
4.307420e+03,6.608559e-01
4.305622e+03,6.781585e-01
4.303824e+03,5.511312e-01
4.302026e+03,6.596002e-01
4.300228e+03,6.159784e-01
4.298430e+03,6.370508e-01
4.296632e+03,5.086235e-01
4.294834e+03,5.805078e-01
4.293036e+03,6.062137e-01
4.291239e+03,5.397769e-01
4.289441e+03,6.228342e-01
4.287643e+03,6.247518e-01
4.285845e+03,6.367419e-01
4.284047e+03,6.498724e-01
4.282249e+03,6.344078e-01
4.280451e+03,6.585815e-01
4.278653e+03,6.803366e-01
4.276855e+03,6.944148e-01
4.275057e+03,7.347452e-01
4.273259e+03,7.535626e-01
4.271462e+03,6.774471e-01
4.269664e+03,6.035720e-01
4.267866e+03,6.955369e-01
4.266068e+03,6.393031e-01
4.264270e+03,6.798967e-01
4.262472e+03,6.780450e-01
4.260674e+03,7.445229e-01
4.258876e+03,7.653220e-01
4.257078e+03,6.543006e-01
4.255280e+03,7.132519e-01
4.253482e+03,7.112621e-01
4.251685e+03,8.076836e-01
4.249887e+03,7.391916e-01
4.248089e+03,6.924454e-01
4.246291e+03,6.846205e-01
4.244493e+03,7.181103e-01
4.242695e+03,7.072425e-01
4.240897e+03,7.180061e-01
4.239099e+03,6.874998e-01
4.237301e+03,6.928705e-01
4.235503e+03,6.921788e-01
4.233705e+03,7.155949e-01
4.231907e+03,7.196732e-01
4.230110e+03,7.383720e-01
4.228312e+03,7.700513e-01
4.226514e+03,6.253203e-01
4.224716e+03,6.705345e-01
4.222918e+03,7.285099e-01
4.221120e+03,7.514547e-01
4.219322e+03,7.296360e-01
4.217524e+03,6.263198e-01
4.215726e+03,6.582471e-01
4.213928e+03,6.820369e-01
4.212130e+03,8.147365e-01
4.210333e+03,7.177258e-01
4.208535e+03,7.170255e-01
4.206737e+03,7.016840e-01
4.204939e+03,6.902660e-01
4.203141e+03,7.025202e-01
4.201343e+03,6.916556e-01
4.199545e+03,7.461595e-01
4.197747e+03,7.805986e-01
4.195949e+03,7.044161e-01
4.194151e+03,6.281368e-01
4.192353e+03,6.960614e-01
4.190556e+03,7.376926e-01
4.188758e+03,7.467298e-01
4.186960e+03,7.171335e-01
4.185162e+03,7.593183e-01
4.183364e+03,7.036475e-01
4.181566e+03,7.146499e-01
4.179768e+03,7.539315e-01
4.177970e+03,6.345851e-01
4.176172e+03,6.002203e-01
4.174374e+03,7.284239e-01
4.172576e+03,7.435289e-01
4.170778e+03,6.926060e-01
4.168981e+03,6.834523e-01
4.167183e+03,6.899237e-01
4.165385e+03,7.094400e-01
4.163587e+03,6.174399e-01
4.161789e+03,6.318166e-01
4.159991e+03,6.597492e-01
4.158193e+03,7.437600e-01
4.156395e+03,7.068901e-01
4.154597e+03,6.700330e-01
4.152799e+03,7.154327e-01
4.151001e+03,6.619695e-01
4.149204e+03,6.165988e-01
4.147406e+03,7.266662e-01
4.145608e+03,7.140411e-01
4.143810e+03,6.341492e-01
4.142012e+03,6.247479e-01
4.140214e+03,5.840428e-01
4.138416e+03,6.725355e-01
4.136618e+03,6.630410e-01
4.134820e+03,6.938709e-01
4.133022e+03,6.829840e-01
4.131224e+03,6.961494e-01
4.129427e+03,6.938352e-01
4.127629e+03,6.482089e-01
4.125831e+03,5.803325e-01
4.124033e+03,6.776151e-01
4.122235e+03,6.764841e-01
4.120437e+03,6.369054e-01
4.118639e+03,6.479642e-01
4.116841e+03,6.022446e-01
4.115043e+03,6.601987e-01
4.113245e+03,6.812378e-01
4.111447e+03,6.061205e-01
4.109649e+03,6.755323e-01
4.107852e+03,6.378014e-01
4.106054e+03,6.242077e-01
4.104256e+03,6.481297e-01
4.102458e+03,5.588400e-01
4.100660e+03,6.401768e-01
4.098862e+03,6.361986e-01
4.097064e+03,6.528003e-01
4.095266e+03,5.923320e-01
4.093468e+03,6.315381e-01
4.091670e+03,5.221246e-01
4.089872e+03,5.652595e-01
4.088075e+03,5.911390e-01
4.086277e+03,5.218799e-01
4.084479e+03,6.738603e-01
4.082681e+03,6.087085e-01
4.080883e+03,6.312860e-01
4.079085e+03,6.045534e-01
4.077287e+03,6.260733e-01
4.075489e+03,6.934852e-01
4.073691e+03,6.170106e-01
4.071893e+03,5.592260e-01
4.070095e+03,6.667451e-01
4.068297e+03,5.849132e-01
4.066500e+03,6.211580e-01
4.064702e+03,6.081426e-01
4.062904e+03,6.116326e-01
4.061106e+03,6.648505e-01
4.059308e+03,6.208316e-01
4.057510e+03,6.251389e-01
4.055712e+03,5.654047e-01
4.053914e+03,6.067846e-01
4.052116e+03,5.775856e-01
4.050318e+03,5.940061e-01
4.048520e+03,5.896621e-01
4.046723e+03,5.731854e-01
4.044925e+03,6.368456e-01
4.043127e+03,5.491781e-01
4.041329e+03,5.829292e-01
4.039531e+03,6.157399e-01
4.037733e+03,6.459126e-01
4.035935e+03,5.714054e-01
4.034137e+03,6.183961e-01
4.032339e+03,5.893728e-01
4.030541e+03,6.112990e-01
4.028743e+03,6.695540e-01
4.026946e+03,6.253401e-01
4.025148e+03,6.579123e-01
4.023350e+03,5.522621e-01
4.021552e+03,5.366295e-01
4.019754e+03,6.112320e-01
4.017956e+03,5.989053e-01
4.016158e+03,6.819931e-01
4.014360e+03,6.102627e-01
4.012562e+03,6.130521e-01
4.010764e+03,5.810419e-01
4.008966e+03,5.781402e-01
4.007168e+03,6.209422e-01
4.005371e+03,5.936868e-01
4.003573e+03,6.570563e-01
4.001775e+03,6.958837e-01
3.999977e+03,6.731410e-01
3.998179e+03,6.126033e-01
3.996381e+03,5.807702e-01
3.994583e+03,5.696859e-01
3.992785e+03,5.323437e-01
3.990987e+03,6.291602e-01
3.989189e+03,5.929708e-01
3.987391e+03,5.788817e-01
3.985594e+03,5.847450e-01
3.983796e+03,5.938431e-01
3.981998e+03,5.601476e-01
3.980200e+03,5.816471e-01
3.978402e+03,5.507384e-01
3.976604e+03,5.737668e-01
3.974806e+03,5.680724e-01
3.973008e+03,5.090198e-01
3.971210e+03,4.201606e-01
3.969412e+03,4.916572e-01
3.967614e+03,4.290816e-01
3.965817e+03,4.452804e-01
3.964019e+03,4.312573e-01
3.962221e+03,3.509495e-01
3.960423e+03,3.163695e-01
3.958625e+03,3.666811e-01
3.956827e+03,3.275132e-01
3.955029e+03,4.214093e-01
3.953231e+03,3.079511e-01
3.951433e+03,2.930350e-01
3.949635e+03,3.436645e-01
3.947837e+03,3.808386e-01
3.946039e+03,3.963040e-01
3.944242e+03,3.784140e-01
3.942444e+03,4.059650e-01
3.940646e+03,4.613267e-01
3.938848e+03,4.065265e-01
3.937050e+03,4.681696e-01
3.935252e+03,4.134059e-01
3.933454e+03,4.371388e-01
3.931656e+03,4.178115e-01
3.929858e+03,4.195812e-01
3.928060e+03,3.397714e-01
3.926262e+03,2.986942e-01
3.924465e+03,3.710516e-01
3.922667e+03,3.427740e-01
3.920869e+03,2.211165e-01
3.919071e+03,2.087078e-01
3.917273e+03,3.901945e-01
3.915475e+03,3.699052e-01
3.913677e+03,3.629590e-01
3.911879e+03,3.331872e-01
3.910081e+03,4.021818e-01
3.908283e+03,4.502542e-01
3.906485e+03,4.268304e-01
3.904688e+03,3.903981e-01
3.902890e+03,3.896885e-01
3.901092e+03,4.755118e-01
3.899294e+03,4.423145e-01
3.897496e+03,4.114012e-01
3.895698e+03,4.022803e-01
3.893900e+03,4.548361e-01
3.892102e+03,4.641924e-01
3.890304e+03,3.833880e-01
3.888506e+03,4.351775e-01
3.886708e+03,4.261306e-01
3.884910e+03,4.174299e-01
3.883113e+03,3.182390e-01
3.881315e+03,3.352125e-01
3.879517e+03,4.575105e-01
3.877719e+03,4.015693e-01
3.875921e+03,3.352814e-01
3.874123e+03,6.705102e-01
3.872325e+03,9.349047e-01
3.870527e+03,3.432359e-01
3.868729e+03,3.580199e-01
3.866931e+03,3.571818e-01
3.865133e+03,3.101331e-01
3.863336e+03,4.025470e-01
3.861538e+03,3.888283e-01
3.859740e+03,3.229044e-01
3.857942e+03,3.831979e-01
3.856144e+03,3.224925e-01
3.854346e+03,3.407679e-01
3.852548e+03,3.912427e-01
3.850750e+03,3.572666e-01
3.848952e+03,3.249737e-01
3.847154e+03,3.793821e-01
3.845356e+03,3.687118e-01
3.843559e+03,2.993317e-01
3.841761e+03,3.510259e-01
3.839963e+03,4.357653e-01
3.838165e+03,3.894223e-01
3.836367e+03,3.563041e-01
3.834569e+03,4.589255e-01
3.832771e+03,3.772105e-01
3.830973e+03,3.626687e-01
3.829175e+03,4.141655e-01
3.827377e+03,2.900074e-01
3.825579e+03,2.959093e-01
3.823781e+03,2.772459e-01
3.821984e+03,3.298434e-01
3.820186e+03,3.306635e-01
3.818388e+03,3.292683e-01
3.816590e+03,3.131241e-01
3.814792e+03,2.587495e-01
3.812994e+03,3.144518e-01
3.811196e+03,2.622089e-01
3.809398e+03,2.820687e-01
3.807600e+03,2.402461e-01
3.805802e+03,3.474027e-01
3.804004e+03,2.982304e-01
3.802207e+03,3.670228e-01
3.800409e+03,3.437686e-01
3.798611e+03,3.362699e-01
3.796813e+03,4.171512e-01
3.795015e+03,3.346933e-01
3.793217e+03,3.633205e-01
3.791419e+03,3.160182e-01
3.789621e+03,2.541169e-01
3.787823e+03,3.573977e-01
3.786025e+03,3.094895e-01
3.784227e+03,3.272065e-01
3.782430e+03,2.693585e-01
3.780632e+03,2.795002e-01
3.778834e+03,2.900862e-01
3.777036e+03,3.213455e-01
3.775238e+03,3.821817e-01
3.773440e+03,3.960321e-01
3.771642e+03,3.243294e-01
3.769844e+03,3.354866e-01
3.768046e+03,2.872974e-01
3.766248e+03,3.659831e-01
3.764450e+03,2.950909e-01
3.762652e+03,3.773599e-01
3.760855e+03,3.870252e-01
3.759057e+03,3.704034e-01
3.757259e+03,2.892739e-01
3.755461e+03,2.743936e-01
3.753663e+03,3.354144e-01
3.751865e+03,2.358710e-01
3.750067e+03,3.416396e-01
3.748269e+03,2.562768e-01
3.746471e+03,2.631093e-01
3.744673e+03,2.413484e-01
3.742875e+03,3.367384e-01
3.741078e+03,2.655658e-01
3.739280e+03,3.037546e-01
3.737482e+03,2.746767e-01
3.735684e+03,2.117548e-01
3.733886e+03,2.184876e-01
3.732088e+03,2.556538e-01
3.730290e+03,2.190767e-01
3.728492e+03,1.983013e-01
3.726694e+03,2.214048e-01
3.724896e+03,2.126700e-01
3.723098e+03,2.359829e-01
3.721301e+03,2.509553e-01
3.719503e+03,3.385831e-01
3.717705e+03,2.470102e-01
3.715907e+03,3.883439e-01
3.714109e+03,3.378724e-01
3.712311e+03,4.031230e-01
3.710513e+03,3.627666e-01
3.708715e+03,3.256506e-01
3.706917e+03,3.339841e-01
3.705119e+03,3.747694e-01
3.703321e+03,3.879485e-01
3.701523e+03,3.095864e-01
3.699726e+03,3.264327e-01
3.697928e+03,2.537634e-01
3.696130e+03,2.595695e-01
3.694332e+03,2.346476e-01
3.692534e+03,1.787107e-01
3.690736e+03,2.209398e-01
3.688938e+03,2.229234e-01
3.687140e+03,2.568843e-01
3.685342e+03,1.444451e-01
3.683544e+03,2.318056e-01
3.681746e+03,2.495510e-01
3.679949e+03,2.703366e-01
3.678151e+03,2.556937e-01
3.676353e+03,3.375577e-01
3.674555e+03,2.631162e-01
3.672757e+03,3.122455e-01
3.670959e+03,1.141516e-01
3.669161e+03,1.605891e-01
3.667363e+03,2.646614e-01
3.665565e+03,1.790360e-01
3.663767e+03,2.308230e-01
3.661969e+03,2.342605e-01
3.660172e+03,2.676396e-01
3.658374e+03,1.766481e-01
3.656576e+03,2.199472e-01
3.654778e+03,2.414274e-01
3.652980e+03,2.074068e-01
3.651182e+03,2.693549e-01
3.649384e+03,2.921887e-01
3.647586e+03,3.008717e-01
3.645788e+03,1.794484e-01
3.643990e+03,2.071044e-01
3.642192e+03,2.353056e-01
3.640394e+03,3.010285e-01
3.638597e+03,2.201443e-01
3.636799e+03,1.936844e-01
3.635001e+03,1.935350e-01
3.633203e+03,2.200156e-01
3.631405e+03,2.076440e-01
3.629607e+03,2.084783e-01
3.627809e+03,1.599201e-01
3.626011e+03,2.277580e-01
3.624213e+03,2.338591e-01
3.622415e+03,1.810114e-01
3.620617e+03,2.037933e-01
3.618820e+03,1.747766e-01
3.617022e+03,1.990780e-01
3.615224e+03,2.668011e-01
3.613426e+03,2.106980e-01
3.611628e+03,1.375812e-01
3.609830e+03,2.444273e-01
3.608032e+03,2.264164e-01
3.606234e+03,1.598935e-01
3.604436e+03,1.747543e-01
3.602638e+03,2.174506e-01
3.600840e+03,2.317027e-01
3.599043e+03,2.132679e-01
3.597245e+03,2.158672e-01
3.595447e+03,1.660111e-01
3.593649e+03,1.846040e-01
3.591851e+03,1.439053e-01
3.590053e+03,1.589783e-01
3.588255e+03,1.206125e-01
3.586457e+03,1.597159e-01
3.584659e+03,1.885274e-01
3.582861e+03,1.486336e-01
3.581063e+03,2.689400e-01
3.579265e+03,1.948104e-01
3.577468e+03,1.740624e-01
3.575670e+03,1.934567e-01
3.573872e+03,2.468619e-01
3.572074e+03,1.295694e-01
3.570276e+03,1.623794e-01
3.568478e+03,6.286552e-02
3.566680e+03,9.841020e-02
3.564882e+03,1.191687e-01
3.563084e+03,7.693472e-02
3.561286e+03,2.009707e-01
3.559488e+03,1.459067e-01
3.557691e+03,1.159669e-01
3.555893e+03,1.254166e-01
3.554095e+03,1.285773e-01
3.552297e+03,1.222563e-01
3.550499e+03,8.593002e-02
3.548701e+03,2.039356e-01
3.546903e+03,1.223806e-01
3.545105e+03,1.172752e-01
3.543307e+03,8.269218e-02
3.541509e+03,1.108063e-01
3.539711e+03,1.503547e-01
3.537913e+03,2.273278e-01
3.536116e+03,8.462067e-02
3.534318e+03,1.808398e-01
3.532520e+03,1.842525e-01
3.530722e+03,1.110859e-01
3.528924e+03,1.027076e-01
3.527126e+03,1.885308e-01
3.525328e+03,1.078050e-01
3.523530e+03,1.801902e-01
3.521732e+03,1.042493e-01
3.519934e+03,1.214233e-01
3.518136e+03,1.362044e-01
3.516339e+03,1.494981e-01
3.514541e+03,1.435916e-01
3.512743e+03,1.203006e-01
3.510945e+03,1.803764e-01
3.509147e+03,1.532264e-01
3.507349e+03,2.225810e-01
3.505551e+03,4.629211e-02
3.503753e+03,1.673346e-01
3.501955e+03,2.302968e-01
3.500157e+03,1.520024e-01
3.498359e+03,1.321629e-01
3.496562e+03,1.805453e-01
3.494764e+03,1.261615e-01
3.492966e+03,1.411857e-01
3.491168e+03,1.815428e-01
3.489370e+03,9.709251e-02
3.487572e+03,2.079045e-01
3.485774e+03,9.805261e-02
3.483976e+03,1.451989e-01
3.482178e+03,1.971367e-01
3.480380e+03,1.186132e-01
3.478582e+03,2.237983e-01
3.476784e+03,1.061516e-01
3.474987e+03,6.335229e-02
3.473189e+03,1.923514e-01
3.471391e+03,1.472071e-01
3.469593e+03,8.879408e-02
3.467795e+03,1.089851e-01
3.465997e+03,4.488263e-02
3.464199e+03,1.281554e-01
3.462401e+03,2.079347e-01
3.460603e+03,2.197967e-01
3.458805e+03,2.324190e-01
3.457007e+03,1.450823e-01
3.455210e+03,1.323710e-01
3.453412e+03,1.631440e-01
3.451614e+03,2.270704e-01
3.449816e+03,1.662430e-01
3.448018e+03,8.870084e-02
3.446220e+03,2.132573e-01
3.444422e+03,2.148382e-01
3.442624e+03,8.667215e-02
3.440826e+03,1.607102e-01
3.439028e+03,1.113785e-01
3.437230e+03,1.415380e-01
3.435433e+03,7.332222e-02
3.433635e+03,1.360466e-01
3.431837e+03,1.711231e-01
3.430039e+03,1.400517e-01
3.428241e+03,1.043637e-01
3.426443e+03,1.117101e-01
3.424645e+03,3.491091e-02
3.422847e+03,1.400927e-01
3.421049e+03,1.271044e-01
3.419251e+03,1.350661e-01
3.417453e+03,6.800748e-02
3.415655e+03,1.896585e-01
3.413858e+03,2.829012e-01
3.412060e+03,7.040895e-02
3.410262e+03,1.264184e-01
3.408464e+03,2.323523e-01
3.406666e+03,1.257551e-01
3.404868e+03,1.704457e-01
3.403070e+03,1.690596e-01
3.401272e+03,5.273084e-02
3.399474e+03,1.239615e-01
3.397676e+03,1.865931e-01
3.395878e+03,1.188696e-01
3.394081e+03,1.064678e-01
3.392283e+03,1.506401e-01
3.390485e+03,5.223837e-02
3.388687e+03,9.665214e-02
3.386889e+03,6.981599e-01
3.385091e+03,1.180491e+01
3.383293e+03,3.037055e-01
3.381495e+03,1.674832e-01
3.379697e+03,1.482041e-01
3.377899e+03,2.154835e-01
3.376101e+03,1.298797e-01
3.374304e+03,1.752334e-01
3.372506e+03,2.282779e-01
3.370708e+03,1.889084e-01
3.368910e+03,7.820662e-02
3.367112e+03,3.280565e-02
3.365314e+03,1.624430e-01
3.363516e+03,6.352122e-02
3.361718e+03,1.855530e-01
3.359920e+03,6.402912e-02
3.358122e+03,1.294155e-01
3.356324e+03,2.089282e-01
3.354526e+03,1.909392e-01
3.352729e+03,3.772007e-03
3.350931e+03,1.388971e-01
3.349133e+03,1.259059e-01
3.347335e+03,9.752423e-02
3.345537e+03,1.402829e-01
3.343739e+03,1.766021e-01
3.341941e+03,1.513848e-01
3.340143e+03,1.066861e-01
3.338345e+03,7.261862e-02
3.336547e+03,1.787770e-01
3.334749e+03,1.140416e-01
3.332952e+03,1.608592e-01
3.331154e+03,2.014164e-01
3.329356e+03,1.369669e-01
3.327558e+03,1.458381e-01
3.325760e+03,2.380161e-01
3.323962e+03,1.604122e-01
3.322164e+03,1.014852e-01
3.320366e+03,2.398180e-02
3.318568e+03,1.596840e-01
3.316770e+03,8.068938e-02
3.314972e+03,2.194260e-01
3.313175e+03,6.757455e-02
3.311377e+03,2.157770e-01
